{"initial_reset_timestamp": 1617939722.8272665, "timestamps": [1617939745.1551645], "episode_lengths": [9769], "episode_rewards": [12.0], "episode_types": ["t"]}